/*SCRIPT PARA CRIAR A ESTRUTURA INICIAL DE NOSSO BANCO DE DADOS ORIGEM*/

CREATE TABLE IF NOT EXISTS TB_SALES_HEADERS(SALE_ID       NUMBER   NOT NULL PRIMARY KEY,
 											CUSTOMER_ID   NUMBER   NOT NULL,
 											VENDOR_ID     NUMBER   NOT NULL,
                                            DELIVERY_DATE DATETIME NOT NULL,
										    BILLING_DATE  DATETIME NOT NULL,
                                            PAYMENT_MODE  NUMBER   NOT NULL,
                                            CREATED_AT    DATETIME NOT NULL,
                                            CREATED_BY    NUMBER   NOT NULL,
                                            UPDATED_AT    DATETIME,
                                            UPDATED_BY    NUMBER
                                            );
                                            
CREATE TABLE IF NOT EXISTS TB_SALES_LINES(SALE_LINE_ID   NUMBER   	  NOT NULL PRIMARY KEY,
                                          SALE_HEADER_ID NUMBER  	  NOT NULL
										  ITEM_ID        NUMBER   	  NOT NULL,
										  QUANTITY_PACK  NUMBER   	  NOT NULL,
                                          QUANTITY_UNIT  NUMBER   	  NOT NULL,
									      UNIT_VALUE     DOUBLE   	  NOT NULL,
                                          OBSERVATIONS   VARCHAR(500) NOT NULL,
                                          CREATED_AT     DATETIME 	  NOT NULL,
                                          CREATED_BY     NUMBER   	  NOT NULL,
                                          UPDATED_AT     DATETIME,
                                          UPDATED_BY     NUMBER
                                          );
                                          
CREATE TABLE IF NOT EXISTS TB_SALES_ITEMS(ITEM_ID          NUMBER   NOT NULL PRIMARY KEY,
                                          ITEM_DESCRIPTION NUMBER  	NOT NULL
                                          UNIT_BY_PACK     NUMBER   NOT NULL,
									      UNIT_VALUE       DOUBLE   NOT NULL,
                                          CREATED_AT       DATETIME NOT NULL,
                                          CREATED_BY       NUMBER   NOT NULL,
                                          UPDATED_AT       DATETIME,
                                          UPDATED_BY       NUMBER
                                          );
                                          
 CREATE TABLE IF NOT EXISTS TB_SALES_CUSTOMERS(CUSTOMER_ID   NUMBER   NOT NULL PRIMARY KEY,
		                                       CUSTOMER_NAME NUMBER  	NOT NULL
		                                       CREATED_AT    DATETIME NOT NULL,
		                                       CREATED_BY    NUMBER   NOT NULL,
		                                       UPDATED_AT    DATETIME,
		                                       UPDATED_BY    NUMBER
		                                       );                               

 CREATE TABLE IF NOT EXISTS TB_SALES_VENDORS(VENDOR_ID   NUMBER   NOT NULL PRIMARY KEY,
		                                     VENDOR_NAME NUMBER   NOT NULL
		                                     CREATED_AT  DATETIME NOT NULL,
		                                     CREATED_BY  NUMBER   NOT NULL,
		                                     UPDATED_AT  DATETIME,
		                                     UPDATED_BY  NUMBER
		                                     );       
		                                     
/*SCRIPT PARA INCIAR OS INSERTS NO NOSSO BANCO DE DADOS DE ORIGEM*/
		                                    
INSERT INTO TB_SALES_VENDORS(VENDOR_ID, VENDOR_NAME, CREATED_AT, CREATED_BY, UPDATED_AT, UPDATED_BY) VALUES (1, "FORNECEDOR 01", SYSDATE(), -1, SYSDATE(), -1);
INSERT INTO TB_SALES_VENDORS(VENDOR_ID, VENDOR_NAME, CREATED_AT, CREATED_BY, UPDATED_AT, UPDATED_BY) VALUES (2, "FORNECEDOR 02", SYSDATE(), -1, SYSDATE(), -1);
INSERT INTO TB_SALES_VENDORS(VENDOR_ID, VENDOR_NAME, CREATED_AT, CREATED_BY, UPDATED_AT, UPDATED_BY) VALUES (3, "FORNECEDOR 03", SYSDATE(), -1, SYSDATE(), -1);
INSERT INTO TB_SALES_VENDORS(VENDOR_ID, VENDOR_NAME, CREATED_AT, CREATED_BY, UPDATED_AT, UPDATED_BY) VALUES (4, "FORNECEDOR 04", SYSDATE(), -1, SYSDATE(), -1);

INSERT INTO TB_SALES_CUSTOMERS(CUSTOMER_ID, CUSTOMER_NAME, CREATED_AT, CREATED_BY, UPDATED_AT, UPDATED_BY) VALUES (1, "CLIENTE 01", SYSDATE(), -1, SYSDATE(), -1);
INSERT INTO TB_SALES_CUSTOMERS(CUSTOMER_ID, CUSTOMER_NAME, CREATED_AT, CREATED_BY, UPDATED_AT, UPDATED_BY) VALUES (2, "CLIENTE 02", SYSDATE(), -1, SYSDATE(), -1);
INSERT INTO TB_SALES_CUSTOMERS(CUSTOMER_ID, CUSTOMER_NAME, CREATED_AT, CREATED_BY, UPDATED_AT, UPDATED_BY) VALUES (3, "CLIENTE 03", SYSDATE(), -1, SYSDATE(), -1);
INSERT INTO TB_SALES_CUSTOMERS(CUSTOMER_ID, CUSTOMER_NAME, CREATED_AT, CREATED_BY, UPDATED_AT, UPDATED_BY) VALUES (4, "CLIENTE 04", SYSDATE(), -1, SYSDATE(), -1);

INSERT INTO TB_SALES_ITEMS(ITEM_ID, ITEM_DESCRIPTION, UNIT_BY_PACK, UNIT_VALUE, CREATED_AT, CREATED_BY, UPDATED_AT, UPDATED_BY) VALUES (1, "ESCOVA DE DENTES", 10, 12.50, SYSDATE(), -1, SYSDATE(), -1);
INSERT INTO TB_SALES_ITEMS(ITEM_ID, ITEM_DESCRIPTION, UNIT_BY_PACK, UNIT_VALUE, CREATED_AT, CREATED_BY, UPDATED_AT, UPDATED_BY) VALUES (2, "SABONETE", 20, 2.50, SYSDATE(), -1, SYSDATE(), -1);
INSERT INTO TB_SALES_ITEMS(ITEM_ID, ITEM_DESCRIPTION, UNIT_BY_PACK, UNIT_VALUE, CREATED_AT, CREATED_BY, UPDATED_AT, UPDATED_BY) VALUES (3, "PASTA DE DENTE", 20, 9.89, SYSDATE(), -1, SYSDATE(), -1);
INSERT INTO TB_SALES_ITEMS(ITEM_ID, ITEM_DESCRIPTION, UNIT_BY_PACK, UNIT_VALUE, CREATED_AT, CREATED_BY, UPDATED_AT, UPDATED_BY) VALUES (4, "SHAMPOO", 15, 16.50, SYSDATE(), -1, SYSDATE(), -1);
INSERT INTO TB_SALES_ITEMS(ITEM_ID, ITEM_DESCRIPTION, UNIT_BY_PACK, UNIT_VALUE, CREATED_AT, CREATED_BY, UPDATED_AT, UPDATED_BY) VALUES (5, "CAFÉ", 30, 22.90, SYSDATE(), -1, SYSDATE(), -1);
INSERT INTO TB_SALES_ITEMS(ITEM_ID, ITEM_DESCRIPTION, UNIT_BY_PACK, UNIT_VALUE, CREATED_AT, CREATED_BY, UPDATED_AT, UPDATED_BY) VALUES (6, "ARROZ", 5, 29.85, SYSDATE(), -1, SYSDATE(), -1);

INSERT INTO TB_SALES_HEADERS(SALE_ID, CUSTOMER_ID, VENDOR_ID, DELIVERY_DATE, BILLING_DATE, PAYMENT_MODE, CREATED_AT, CREATED_BY, UPDATED_AT, UPDATED_BY) VALUES (1, 1, 1, TO_DATE('2022-06-05 00:00:00'), TO_DATE('2022-06-05 00:00:00'), 1, SYSDATE(), -1, SYSDATE(), -1);
INSERT INTO TB_SALES_HEADERS(SALE_ID, CUSTOMER_ID, VENDOR_ID, DELIVERY_DATE, BILLING_DATE, PAYMENT_MODE, CREATED_AT, CREATED_BY, UPDATED_AT, UPDATED_BY) VALUES (2, 1, 2, TO_DATE('2022-06-05 10:52:35'), TO_DATE('2022-06-05 00:00:00'), 1, SYSDATE(), -1, SYSDATE(), -1);
INSERT INTO TB_SALES_HEADERS(SALE_ID, CUSTOMER_ID, VENDOR_ID, DELIVERY_DATE, BILLING_DATE, PAYMENT_MODE, CREATED_AT, CREATED_BY, UPDATED_AT, UPDATED_BY) VALUES (3, 2, 4, TO_DATE('2022-06-05 09:30:35'), TO_DATE('2022-06-05 00:00:00'), 1, SYSDATE(), -1, SYSDATE(), -1);
INSERT INTO TB_SALES_HEADERS(SALE_ID, CUSTOMER_ID, VENDOR_ID, DELIVERY_DATE, BILLING_DATE, PAYMENT_MODE, CREATED_AT, CREATED_BY, UPDATED_AT, UPDATED_BY) VALUES (4, 2, 4, TO_DATE('2022-06-05 09:35:35'), TO_DATE('2022-06-05 00:00:00'), 1, SYSDATE(), -1, SYSDATE(), -1);
INSERT INTO TB_SALES_HEADERS(SALE_ID, CUSTOMER_ID, VENDOR_ID, DELIVERY_DATE, BILLING_DATE, PAYMENT_MODE, CREATED_AT, CREATED_BY, UPDATED_AT, UPDATED_BY) VALUES (5, 2, 2, TO_DATE('2022-06-05 09:22:35'), TO_DATE('2022-06-05 00:00:00'), 1, SYSDATE(), -1, SYSDATE(), -1);
INSERT INTO TB_SALES_HEADERS(SALE_ID, CUSTOMER_ID, VENDOR_ID, DELIVERY_DATE, BILLING_DATE, PAYMENT_MODE, CREATED_AT, CREATED_BY, UPDATED_AT, UPDATED_BY) VALUES (6, 2, 3, TO_DATE('2022-06-05 09:15:35'), TO_DATE('2022-06-05 00:00:00'), 1, SYSDATE(), -1, SYSDATE(), -1);
INSERT INTO TB_SALES_HEADERS(SALE_ID, CUSTOMER_ID, VENDOR_ID, DELIVERY_DATE, BILLING_DATE, PAYMENT_MODE, CREATED_AT, CREATED_BY, UPDATED_AT, UPDATED_BY) VALUES (7, 3, 2, TO_DATE('2022-06-05 09:36:35'), TO_DATE('2022-06-05 00:00:00'), 1, SYSDATE(), -1, SYSDATE(), -1);
INSERT INTO TB_SALES_HEADERS(SALE_ID, CUSTOMER_ID, VENDOR_ID, DELIVERY_DATE, BILLING_DATE, PAYMENT_MODE, CREATED_AT, CREATED_BY, UPDATED_AT, UPDATED_BY) VALUES (8, 4, 4, TO_DATE('2022-06-05 09:42:35'), TO_DATE('2022-06-05 00:00:00'), 1, SYSDATE(), -1, SYSDATE(), -1);
INSERT INTO TB_SALES_HEADERS(SALE_ID, CUSTOMER_ID, VENDOR_ID, DELIVERY_DATE, BILLING_DATE, PAYMENT_MODE, CREATED_AT, CREATED_BY, UPDATED_AT, UPDATED_BY) VALUES (9, 4, 4, TO_DATE('2022-06-05 09:31:35'), TO_DATE('2022-06-05 00:00:00'), 1, SYSDATE(), -1, SYSDATE(), -1);
INSERT INTO TB_SALES_HEADERS(SALE_ID, CUSTOMER_ID, VENDOR_ID, DELIVERY_DATE, BILLING_DATE, PAYMENT_MODE, CREATED_AT, CREATED_BY, UPDATED_AT, UPDATED_BY) VALUES (10, 3, 4, TO_DATE('2022-06-05 09:11:35'), TO_DATE('2022-06-05 00:00:00'), 1, SYSDATE(), -1, SYSDATE(), -1);

INSERT INTO TB_SALES_LINES(SALE_LINE_ID, SALE_HEADER_ID, ITEM_ID, QUANTITY_PACK, QUANTITY_UNIT, UNIT_VALUE, OBSERVATIONS, CREATED_AT, CREATED_BY, UPDATED_AT, UPDATED_BY) VALUES (1, 1, 2, 10, 5, 9.89, 'ITEM 02 PEDIDO 01 PARA O CLIENTE QUE SOLICITOU', SYSDATE(), -1, SYSDATE(), -1);
INSERT INTO TB_SALES_LINES(SALE_LINE_ID, SALE_HEADER_ID, ITEM_ID, QUANTITY_PACK, QUANTITY_UNIT, UNIT_VALUE, OBSERVATIONS, CREATED_AT, CREATED_BY, UPDATED_AT, UPDATED_BY) VALUES (1, 1, 2, 25, 12, 9.89, 'ITEM 02 PEDIDO 01 PARA O CLIENTE QUE SOLICITOU', SYSDATE(), -1, SYSDATE(), -1);
INSERT INTO TB_SALES_LINES(SALE_LINE_ID, SALE_HEADER_ID, ITEM_ID, QUANTITY_PACK, QUANTITY_UNIT, UNIT_VALUE, OBSERVATIONS, CREATED_AT, CREATED_BY, UPDATED_AT, UPDATED_BY) VALUES (1, 1, 4, 10, 36, 16.50, 'ITEM 04 PEDIDO 01 PARA O CLIENTE QUE SOLICITOU', SYSDATE(), -1, SYSDATE(), -1);
INSERT INTO TB_SALES_LINES(SALE_LINE_ID, SALE_HEADER_ID, ITEM_ID, QUANTITY_PACK, QUANTITY_UNIT, UNIT_VALUE, OBSERVATIONS, CREATED_AT, CREATED_BY, UPDATED_AT, UPDATED_BY) VALUES (1, 1, 1, 36, 12, 12.50, 'ITEM 01 PEDIDO 01 PARA O CLIENTE QUE SOLICITOU', SYSDATE(), -1, SYSDATE(), -1);
INSERT INTO TB_SALES_LINES(SALE_LINE_ID, SALE_HEADER_ID, ITEM_ID, QUANTITY_PACK, QUANTITY_UNIT, UNIT_VALUE, OBSERVATIONS, CREATED_AT, CREATED_BY, UPDATED_AT, UPDATED_BY) VALUES (1, 1, 3, 8, 45, 29.85, 'ITEM 03 PEDIDO 01 PARA O CLIENTE QUE SOLICITOU', SYSDATE(), -1, SYSDATE(), -1);

INSERT INTO TB_SALES_LINES(SALE_LINE_ID, SALE_HEADER_ID, ITEM_ID, QUANTITY_PACK, QUANTITY_UNIT, UNIT_VALUE, OBSERVATIONS, CREATED_AT, CREATED_BY, UPDATED_AT, UPDATED_BY) VALUES (1, 2, 2, 10, 5, 9.89, 'ITEM 02 PEDIDO 02 PARA O CLIENTE QUE SOLICITOU', SYSDATE(), -1, SYSDATE(), -1);
INSERT INTO TB_SALES_LINES(SALE_LINE_ID, SALE_HEADER_ID, ITEM_ID, QUANTITY_PACK, QUANTITY_UNIT, UNIT_VALUE, OBSERVATIONS, CREATED_AT, CREATED_BY, UPDATED_AT, UPDATED_BY) VALUES (1, 2, 2, 25, 12, 9.89, 'ITEM 02 PEDIDO 02 PARA O CLIENTE QUE SOLICITOU', SYSDATE(), -1, SYSDATE(), -1);
INSERT INTO TB_SALES_LINES(SALE_LINE_ID, SALE_HEADER_ID, ITEM_ID, QUANTITY_PACK, QUANTITY_UNIT, UNIT_VALUE, OBSERVATIONS, CREATED_AT, CREATED_BY, UPDATED_AT, UPDATED_BY) VALUES (1, 2, 4, 10, 36, 16.50, 'ITEM 04 PEDIDO 02 PARA O CLIENTE QUE SOLICITOU', SYSDATE(), -1, SYSDATE(), -1);
INSERT INTO TB_SALES_LINES(SALE_LINE_ID, SALE_HEADER_ID, ITEM_ID, QUANTITY_PACK, QUANTITY_UNIT, UNIT_VALUE, OBSERVATIONS, CREATED_AT, CREATED_BY, UPDATED_AT, UPDATED_BY) VALUES (1, 2, 1, 36, 12, 12.50, 'ITEM 01 PEDIDO 02 PARA O CLIENTE QUE SOLICITOU', SYSDATE(), -1, SYSDATE(), -1);
INSERT INTO TB_SALES_LINES(SALE_LINE_ID, SALE_HEADER_ID, ITEM_ID, QUANTITY_PACK, QUANTITY_UNIT, UNIT_VALUE, OBSERVATIONS, CREATED_AT, CREATED_BY, UPDATED_AT, UPDATED_BY) VALUES (1, 2, 3, 8, 45, 29.85, 'ITEM 03 PEDIDO 02 PARA O CLIENTE QUE SOLICITOU', SYSDATE(), -1, SYSDATE(), -1);

INSERT INTO TB_SALES_LINES(SALE_LINE_ID, SALE_HEADER_ID, ITEM_ID, QUANTITY_PACK, QUANTITY_UNIT, UNIT_VALUE, OBSERVATIONS, CREATED_AT, CREATED_BY, UPDATED_AT, UPDATED_BY) VALUES (1, 3, 2, 10, 5, 9.89, 'ITEM 02 PEDIDO 03 PARA O CLIENTE QUE SOLICITOU', SYSDATE(), -1, SYSDATE(), -1);
INSERT INTO TB_SALES_LINES(SALE_LINE_ID, SALE_HEADER_ID, ITEM_ID, QUANTITY_PACK, QUANTITY_UNIT, UNIT_VALUE, OBSERVATIONS, CREATED_AT, CREATED_BY, UPDATED_AT, UPDATED_BY) VALUES (1, 3, 2, 25, 12, 9.89, 'ITEM 02 PEDIDO 03 PARA O CLIENTE QUE SOLICITOU', SYSDATE(), -1, SYSDATE(), -1);
INSERT INTO TB_SALES_LINES(SALE_LINE_ID, SALE_HEADER_ID, ITEM_ID, QUANTITY_PACK, QUANTITY_UNIT, UNIT_VALUE, OBSERVATIONS, CREATED_AT, CREATED_BY, UPDATED_AT, UPDATED_BY) VALUES (1, 3, 4, 10, 36, 16.50, 'ITEM 04 PEDIDO 03 PARA O CLIENTE QUE SOLICITOU', SYSDATE(), -1, SYSDATE(), -1);
INSERT INTO TB_SALES_LINES(SALE_LINE_ID, SALE_HEADER_ID, ITEM_ID, QUANTITY_PACK, QUANTITY_UNIT, UNIT_VALUE, OBSERVATIONS, CREATED_AT, CREATED_BY, UPDATED_AT, UPDATED_BY) VALUES (1, 3, 1, 36, 12, 12.50, 'ITEM 01 PEDIDO 03 PARA O CLIENTE QUE SOLICITOU', SYSDATE(), -1, SYSDATE(), -1);
INSERT INTO TB_SALES_LINES(SALE_LINE_ID, SALE_HEADER_ID, ITEM_ID, QUANTITY_PACK, QUANTITY_UNIT, UNIT_VALUE, OBSERVATIONS, CREATED_AT, CREATED_BY, UPDATED_AT, UPDATED_BY) VALUES (1, 3, 3, 8, 45, 29.85, 'ITEM 03 PEDIDO 03 PARA O CLIENTE QUE SOLICITOU', SYSDATE(), -1, SYSDATE(), -1);

INSERT INTO TB_SALES_LINES(SALE_LINE_ID, SALE_HEADER_ID, ITEM_ID, QUANTITY_PACK, QUANTITY_UNIT, UNIT_VALUE, OBSERVATIONS, CREATED_AT, CREATED_BY, UPDATED_AT, UPDATED_BY) VALUES (1, 4, 2, 10, 5, 9.89, 'ITEM 02 PEDIDO 04 PARA O CLIENTE QUE SOLICITOU', SYSDATE(), -1, SYSDATE(), -1);
INSERT INTO TB_SALES_LINES(SALE_LINE_ID, SALE_HEADER_ID, ITEM_ID, QUANTITY_PACK, QUANTITY_UNIT, UNIT_VALUE, OBSERVATIONS, CREATED_AT, CREATED_BY, UPDATED_AT, UPDATED_BY) VALUES (1, 4, 2, 25, 12, 9.89, 'ITEM 02 PEDIDO 04 PARA O CLIENTE QUE SOLICITOU', SYSDATE(), -1, SYSDATE(), -1);
INSERT INTO TB_SALES_LINES(SALE_LINE_ID, SALE_HEADER_ID, ITEM_ID, QUANTITY_PACK, QUANTITY_UNIT, UNIT_VALUE, OBSERVATIONS, CREATED_AT, CREATED_BY, UPDATED_AT, UPDATED_BY) VALUES (1, 4, 4, 10, 36, 16.50, 'ITEM 04 PEDIDO 04 PARA O CLIENTE QUE SOLICITOU', SYSDATE(), -1, SYSDATE(), -1);
INSERT INTO TB_SALES_LINES(SALE_LINE_ID, SALE_HEADER_ID, ITEM_ID, QUANTITY_PACK, QUANTITY_UNIT, UNIT_VALUE, OBSERVATIONS, CREATED_AT, CREATED_BY, UPDATED_AT, UPDATED_BY) VALUES (1, 4, 1, 36, 12, 12.50, 'ITEM 01 PEDIDO 04 PARA O CLIENTE QUE SOLICITOU', SYSDATE(), -1, SYSDATE(), -1);
INSERT INTO TB_SALES_LINES(SALE_LINE_ID, SALE_HEADER_ID, ITEM_ID, QUANTITY_PACK, QUANTITY_UNIT, UNIT_VALUE, OBSERVATIONS, CREATED_AT, CREATED_BY, UPDATED_AT, UPDATED_BY) VALUES (1, 4, 3, 8, 45, 29.85, 'ITEM 03 PEDIDO 04 PARA O CLIENTE QUE SOLICITOU', SYSDATE(), -1, SYSDATE(), -1);

INSERT INTO TB_SALES_LINES(SALE_LINE_ID, SALE_HEADER_ID, ITEM_ID, QUANTITY_PACK, QUANTITY_UNIT, UNIT_VALUE, OBSERVATIONS, CREATED_AT, CREATED_BY, UPDATED_AT, UPDATED_BY) VALUES (1, 5, 2, 10, 5, 9.89, 'ITEM 02 PEDIDO 05 PARA O CLIENTE QUE SOLICITOU', SYSDATE(), -1, SYSDATE(), -1);
INSERT INTO TB_SALES_LINES(SALE_LINE_ID, SALE_HEADER_ID, ITEM_ID, QUANTITY_PACK, QUANTITY_UNIT, UNIT_VALUE, OBSERVATIONS, CREATED_AT, CREATED_BY, UPDATED_AT, UPDATED_BY) VALUES (1, 5, 2, 25, 12, 9.89, 'ITEM 02 PEDIDO 05 PARA O CLIENTE QUE SOLICITOU', SYSDATE(), -1, SYSDATE(), -1);
INSERT INTO TB_SALES_LINES(SALE_LINE_ID, SALE_HEADER_ID, ITEM_ID, QUANTITY_PACK, QUANTITY_UNIT, UNIT_VALUE, OBSERVATIONS, CREATED_AT, CREATED_BY, UPDATED_AT, UPDATED_BY) VALUES (1, 5, 4, 10, 36, 16.50, 'ITEM 04 PEDIDO 05 PARA O CLIENTE QUE SOLICITOU', SYSDATE(), -1, SYSDATE(), -1);
INSERT INTO TB_SALES_LINES(SALE_LINE_ID, SALE_HEADER_ID, ITEM_ID, QUANTITY_PACK, QUANTITY_UNIT, UNIT_VALUE, OBSERVATIONS, CREATED_AT, CREATED_BY, UPDATED_AT, UPDATED_BY) VALUES (1, 5, 1, 36, 12, 12.50, 'ITEM 01 PEDIDO 05 PARA O CLIENTE QUE SOLICITOU', SYSDATE(), -1, SYSDATE(), -1);
INSERT INTO TB_SALES_LINES(SALE_LINE_ID, SALE_HEADER_ID, ITEM_ID, QUANTITY_PACK, QUANTITY_UNIT, UNIT_VALUE, OBSERVATIONS, CREATED_AT, CREATED_BY, UPDATED_AT, UPDATED_BY) VALUES (1, 5, 3, 8, 45, 29.85, 'ITEM 03 PEDIDO 05 PARA O CLIENTE QUE SOLICITOU', SYSDATE(), -1, SYSDATE(), -1);

INSERT INTO TB_SALES_LINES(SALE_LINE_ID, SALE_HEADER_ID, ITEM_ID, QUANTITY_PACK, QUANTITY_UNIT, UNIT_VALUE, OBSERVATIONS, CREATED_AT, CREATED_BY, UPDATED_AT, UPDATED_BY) VALUES (1, 6, 2, 10, 5, 9.89, 'ITEM 02 PEDIDO 06 PARA O CLIENTE QUE SOLICITOU', SYSDATE(), -1, SYSDATE(), -1);
INSERT INTO TB_SALES_LINES(SALE_LINE_ID, SALE_HEADER_ID, ITEM_ID, QUANTITY_PACK, QUANTITY_UNIT, UNIT_VALUE, OBSERVATIONS, CREATED_AT, CREATED_BY, UPDATED_AT, UPDATED_BY) VALUES (1, 6, 2, 25, 12, 9.89, 'ITEM 02 PEDIDO 06 PARA O CLIENTE QUE SOLICITOU', SYSDATE(), -1, SYSDATE(), -1);
INSERT INTO TB_SALES_LINES(SALE_LINE_ID, SALE_HEADER_ID, ITEM_ID, QUANTITY_PACK, QUANTITY_UNIT, UNIT_VALUE, OBSERVATIONS, CREATED_AT, CREATED_BY, UPDATED_AT, UPDATED_BY) VALUES (1, 6, 4, 10, 36, 16.50, 'ITEM 04 PEDIDO 06 PARA O CLIENTE QUE SOLICITOU', SYSDATE(), -1, SYSDATE(), -1);
INSERT INTO TB_SALES_LINES(SALE_LINE_ID, SALE_HEADER_ID, ITEM_ID, QUANTITY_PACK, QUANTITY_UNIT, UNIT_VALUE, OBSERVATIONS, CREATED_AT, CREATED_BY, UPDATED_AT, UPDATED_BY) VALUES (1, 6, 1, 36, 12, 12.50, 'ITEM 01 PEDIDO 06 PARA O CLIENTE QUE SOLICITOU', SYSDATE(), -1, SYSDATE(), -1);
INSERT INTO TB_SALES_LINES(SALE_LINE_ID, SALE_HEADER_ID, ITEM_ID, QUANTITY_PACK, QUANTITY_UNIT, UNIT_VALUE, OBSERVATIONS, CREATED_AT, CREATED_BY, UPDATED_AT, UPDATED_BY) VALUES (1, 6, 3, 8, 45, 29.85, 'ITEM 03 PEDIDO 06 PARA O CLIENTE QUE SOLICITOU', SYSDATE(), -1, SYSDATE(), -1);

-- INSERT INTO TB_SALES_LINES(SALE_LINE_ID, SALE_HEADER_ID, ITEM_ID, QUANTITY_PACK, QUANTITY_UNIT, UNIT_VALUE, OBSERVATIONS, CREATED_AT, CREATED_BY, UPDATED_AT, UPDATED_BY) VALUES (1, 7, 2, 10, 5, 9.89, 'ITEM 02 PEDIDO 07 PARA O CLIENTE QUE SOLICITOU', SYSDATE(), -1, SYSDATE(), -1);
-- INSERT INTO TB_SALES_LINES(SALE_LINE_ID, SALE_HEADER_ID, ITEM_ID, QUANTITY_PACK, QUANTITY_UNIT, UNIT_VALUE, OBSERVATIONS, CREATED_AT, CREATED_BY, UPDATED_AT, UPDATED_BY) VALUES (1, 7, 2, 25, 12, 9.89, 'ITEM 02 PEDIDO 07 PARA O CLIENTE QUE SOLICITOU', SYSDATE(), -1, SYSDATE(), -1);
-- INSERT INTO TB_SALES_LINES(SALE_LINE_ID, SALE_HEADER_ID, ITEM_ID, QUANTITY_PACK, QUANTITY_UNIT, UNIT_VALUE, OBSERVATIONS, CREATED_AT, CREATED_BY, UPDATED_AT, UPDATED_BY) VALUES (1, 7, 4, 10, 36, 16.50, 'ITEM 04 PEDIDO 07 PARA O CLIENTE QUE SOLICITOU', SYSDATE(), -1, SYSDATE(), -1);
-- INSERT INTO TB_SALES_LINES(SALE_LINE_ID, SALE_HEADER_ID, ITEM_ID, QUANTITY_PACK, QUANTITY_UNIT, UNIT_VALUE, OBSERVATIONS, CREATED_AT, CREATED_BY, UPDATED_AT, UPDATED_BY) VALUES (1, 7, 1, 36, 12, 12.50, 'ITEM 01 PEDIDO 07 PARA O CLIENTE QUE SOLICITOU', SYSDATE(), -1, SYSDATE(), -1);
-- INSERT INTO TB_SALES_LINES(SALE_LINE_ID, SALE_HEADER_ID, ITEM_ID, QUANTITY_PACK, QUANTITY_UNIT, UNIT_VALUE, OBSERVATIONS, CREATED_AT, CREATED_BY, UPDATED_AT, UPDATED_BY) VALUES (1, 7, 3, 8, 45, 29.85, 'ITEM 03 PEDIDO 07 PARA O CLIENTE QUE SOLICITOU', SYSDATE(), -1, SYSDATE(), -1);

-- INSERT INTO TB_SALES_LINES(SALE_LINE_ID, SALE_HEADER_ID, ITEM_ID, QUANTITY_PACK, QUANTITY_UNIT, UNIT_VALUE, OBSERVATIONS, CREATED_AT, CREATED_BY, UPDATED_AT, UPDATED_BY) VALUES (1, 8, 2, 10, 5, 9.89, 'ITEM 02 PEDIDO 08 PARA O CLIENTE QUE SOLICITOU', SYSDATE(), -1, SYSDATE(), -1);
-- INSERT INTO TB_SALES_LINES(SALE_LINE_ID, SALE_HEADER_ID, ITEM_ID, QUANTITY_PACK, QUANTITY_UNIT, UNIT_VALUE, OBSERVATIONS, CREATED_AT, CREATED_BY, UPDATED_AT, UPDATED_BY) VALUES (1, 8, 2, 25, 12, 9.89, 'ITEM 02 PEDIDO 08 PARA O CLIENTE QUE SOLICITOU', SYSDATE(), -1, SYSDATE(), -1);
-- INSERT INTO TB_SALES_LINES(SALE_LINE_ID, SALE_HEADER_ID, ITEM_ID, QUANTITY_PACK, QUANTITY_UNIT, UNIT_VALUE, OBSERVATIONS, CREATED_AT, CREATED_BY, UPDATED_AT, UPDATED_BY) VALUES (1, 8, 4, 10, 36, 16.50, 'ITEM 04 PEDIDO 08 PARA O CLIENTE QUE SOLICITOU', SYSDATE(), -1, SYSDATE(), -1);
-- INSERT INTO TB_SALES_LINES(SALE_LINE_ID, SALE_HEADER_ID, ITEM_ID, QUANTITY_PACK, QUANTITY_UNIT, UNIT_VALUE, OBSERVATIONS, CREATED_AT, CREATED_BY, UPDATED_AT, UPDATED_BY) VALUES (1, 8, 1, 36, 12, 12.50, 'ITEM 01 PEDIDO 08 PARA O CLIENTE QUE SOLICITOU', SYSDATE(), -1, SYSDATE(), -1);
-- INSERT INTO TB_SALES_LINES(SALE_LINE_ID, SALE_HEADER_ID, ITEM_ID, QUANTITY_PACK, QUANTITY_UNIT, UNIT_VALUE, OBSERVATIONS, CREATED_AT, CREATED_BY, UPDATED_AT, UPDATED_BY) VALUES (1, 8, 3, 8, 45, 29.85, 'ITEM 03 PEDIDO 08 PARA O CLIENTE QUE SOLICITOU', SYSDATE(), -1, SYSDATE(), -1);

-- INSERT INTO TB_SALES_LINES(SALE_LINE_ID, SALE_HEADER_ID, ITEM_ID, QUANTITY_PACK, QUANTITY_UNIT, UNIT_VALUE, OBSERVATIONS, CREATED_AT, CREATED_BY, UPDATED_AT, UPDATED_BY) VALUES (1, 9, 2, 10, 5, 9.89, 'ITEM 02 PEDIDO 09 PARA O CLIENTE QUE SOLICITOU', SYSDATE(), -1, SYSDATE(), -1);
-- INSERT INTO TB_SALES_LINES(SALE_LINE_ID, SALE_HEADER_ID, ITEM_ID, QUANTITY_PACK, QUANTITY_UNIT, UNIT_VALUE, OBSERVATIONS, CREATED_AT, CREATED_BY, UPDATED_AT, UPDATED_BY) VALUES (1, 9, 2, 25, 12, 9.89, 'ITEM 02 PEDIDO 09 PARA O CLIENTE QUE SOLICITOU', SYSDATE(), -1, SYSDATE(), -1);
-- INSERT INTO TB_SALES_LINES(SALE_LINE_ID, SALE_HEADER_ID, ITEM_ID, QUANTITY_PACK, QUANTITY_UNIT, UNIT_VALUE, OBSERVATIONS, CREATED_AT, CREATED_BY, UPDATED_AT, UPDATED_BY) VALUES (1, 9, 4, 10, 36, 16.50, 'ITEM 04 PEDIDO 09 PARA O CLIENTE QUE SOLICITOU', SYSDATE(), -1, SYSDATE(), -1);
-- INSERT INTO TB_SALES_LINES(SALE_LINE_ID, SALE_HEADER_ID, ITEM_ID, QUANTITY_PACK, QUANTITY_UNIT, UNIT_VALUE, OBSERVATIONS, CREATED_AT, CREATED_BY, UPDATED_AT, UPDATED_BY) VALUES (1, 9, 1, 36, 12, 12.50, 'ITEM 01 PEDIDO 09 PARA O CLIENTE QUE SOLICITOU', SYSDATE(), -1, SYSDATE(), -1);
-- INSERT INTO TB_SALES_LINES(SALE_LINE_ID, SALE_HEADER_ID, ITEM_ID, QUANTITY_PACK, QUANTITY_UNIT, UNIT_VALUE, OBSERVATIONS, CREATED_AT, CREATED_BY, UPDATED_AT, UPDATED_BY) VALUES (1, 9, 3, 8, 45, 29.85, 'ITEM 03 PEDIDO 09 PARA O CLIENTE QUE SOLICITOU', SYSDATE(), -1, SYSDATE(), -1);

-- INSERT INTO TB_SALES_LINES(SALE_LINE_ID, SALE_HEADER_ID, ITEM_ID, QUANTITY_PACK, QUANTITY_UNIT, UNIT_VALUE, OBSERVATIONS, CREATED_AT, CREATED_BY, UPDATED_AT, UPDATED_BY) VALUES (1, 10, 2, 10, 5, 9.89, 'ITEM 02 PEDIDO 10 PARA O CLIENTE QUE SOLICITOU', SYSDATE(), -1, SYSDATE(), -1);
-- INSERT INTO TB_SALES_LINES(SALE_LINE_ID, SALE_HEADER_ID, ITEM_ID, QUANTITY_PACK, QUANTITY_UNIT, UNIT_VALUE, OBSERVATIONS, CREATED_AT, CREATED_BY, UPDATED_AT, UPDATED_BY) VALUES (1, 10, 2, 25, 12, 9.89, 'ITEM 02 PEDIDO 10 PARA O CLIENTE QUE SOLICITOU', SYSDATE(), -1, SYSDATE(), -1);
-- INSERT INTO TB_SALES_LINES(SALE_LINE_ID, SALE_HEADER_ID, ITEM_ID, QUANTITY_PACK, QUANTITY_UNIT, UNIT_VALUE, OBSERVATIONS, CREATED_AT, CREATED_BY, UPDATED_AT, UPDATED_BY) VALUES (1, 10, 4, 10, 36, 16.50, 'ITEM 04 PEDIDO 10 PARA O CLIENTE QUE SOLICITOU', SYSDATE(), -1, SYSDATE(), -1);
-- INSERT INTO TB_SALES_LINES(SALE_LINE_ID, SALE_HEADER_ID, ITEM_ID, QUANTITY_PACK, QUANTITY_UNIT, UNIT_VALUE, OBSERVATIONS, CREATED_AT, CREATED_BY, UPDATED_AT, UPDATED_BY) VALUES (1, 10, 1, 36, 12, 12.50, 'ITEM 01 PEDIDO 10 PARA O CLIENTE QUE SOLICITOU', SYSDATE(), -1, SYSDATE(), -1);
-- INSERT INTO TB_SALES_LINES(SALE_LINE_ID, SALE_HEADER_ID, ITEM_ID, QUANTITY_PACK, QUANTITY_UNIT, UNIT_VALUE, OBSERVATIONS, CREATED_AT, CREATED_BY, UPDATED_AT, UPDATED_BY) VALUES (1, 10, 3, 8, 45, 29.85, 'ITEM 03 PEDIDO 10 PARA O CLIENTE QUE SOLICITOU', SYSDATE(), -1, SYSDATE(), -1);